{"mean":{"confidence_interval":{"confidence_level":0.95,"lower_bound":268162.20085230743,"upper_bound":275264.8510516532},"point_estimate":271638.7877258442,"standard_error":1806.2040967416388},"median":{"confidence_interval":{"confidence_level":0.95,"lower_bound":269338.03571428574,"upper_bound":273975.60256410256},"point_estimate":272480.5002218279,"standard_error":1287.1278725759246},"median_abs_dev":{"confidence_interval":{"confidence_level":0.95,"lower_bound":9722.412416216144,"upper_bound":19561.887672480676},"point_estimate":13026.903546887597,"standard_error":2685.427707803693},"slope":{"confidence_interval":{"confidence_level":0.95,"lower_bound":273100.2889586482,"upper_bound":278065.0102795266},"point_estimate":275535.3771870844,"standard_error":1264.2222256615626},"std_dev":{"confidence_interval":{"confidence_level":0.95,"lower_bound":13831.112619454625,"upper_bound":23002.559991485512},"point_estimate":18123.207475911116,"standard_error":2426.8915743434677}}