{"mean":{"confidence_interval":{"confidence_level":0.95,"lower_bound":82086714.8,"upper_bound":89155709.2},"point_estimate":85721216.7,"standard_error":1806997.018648743},"median":{"confidence_interval":{"confidence_level":0.95,"lower_bound":80875294.0,"upper_bound":91759419.0},"point_estimate":85303761.5,"standard_error":2549049.9442628436},"median_abs_dev":{"confidence_interval":{"confidence_level":0.95,"lower_bound":1213717.1250522137,"upper_bound":10567243.914493918},"point_estimate":7704911.942410469,"standard_error":2783098.5939533766},"slope":null,"std_dev":{"confidence_interval":{"confidence_level":0.95,"lower_bound":3424273.2889462863,"upper_bound":7450334.129683781},"point_estimate":6015339.441463005,"standard_error":1050693.7988399295}}