{"mean":{"confidence_interval":{"confidence_level":0.95,"lower_bound":14440185.8925,"upper_bound":19987475.0},"point_estimate":17196565.8,"standard_error":1419000.6284372578},"median":{"confidence_interval":{"confidence_level":0.95,"lower_bound":12619936.0,"upper_bound":21358467.0},"point_estimate":16904280.0,"standard_error":3515512.2311021388},"median_abs_dev":{"confidence_interval":{"confidence_level":0.95,"lower_bound":125485.77917218208,"upper_bound":6491222.986757755},"point_estimate":6352049.844628572,"standard_error":2388321.8821787094},"slope":null,"std_dev":{"confidence_interval":{"confidence_level":0.95,"lower_bound":3425360.665125413,"upper_bound":5136163.217094391},"point_estimate":4744947.64662407,"standard_error":456287.9461023609}}