{"mean":{"confidence_interval":{"confidence_level":0.95,"lower_bound":16281949.482500002,"upper_bound":23403202.2},"point_estimate":19904132.5,"standard_error":1807963.84072041},"median":{"confidence_interval":{"confidence_level":0.95,"lower_bound":13121923.0,"upper_bound":24164361.5},"point_estimate":23090244.5,"standard_error":3796716.683552565},"median_abs_dev":{"confidence_interval":{"confidence_level":0.95,"lower_bound":393760.76180934906,"upper_bound":8244897.091823816},"point_estimate":5105846.7302531,"standard_error":2937325.9451370267},"slope":null,"std_dev":{"confidence_interval":{"confidence_level":0.95,"lower_bound":3927845.8217438785,"upper_bound":6952871.358401652},"point_estimate":6052613.253613228,"standard_error":769129.6723254957}}