{"mean":{"confidence_interval":{"confidence_level":0.95,"lower_bound":15872802.7225,"upper_bound":16381279.4},"point_estimate":16162088.6,"standard_error":132312.81979250145},"median":{"confidence_interval":{"confidence_level":0.95,"lower_bound":15951859.0,"upper_bound":16460166.5},"point_estimate":16258799.5,"standard_error":123037.55173008163},"median_abs_dev":{"confidence_interval":{"confidence_level":0.95,"lower_bound":58113.47116827965,"upper_bound":565247.1703648567},"point_estimate":312570.6220507622,"standard_error":126358.18469363997},"slope":null,"std_dev":{"confidence_interval":{"confidence_level":0.95,"lower_bound":149189.53685905473,"upper_bound":635370.1354605221},"point_estimate":440507.656484904,"standard_error":146085.17879436485}}