{"mean":{"confidence_interval":{"confidence_level":0.95,"lower_bound":16052333.6,"upper_bound":16353491.3},"point_estimate":16178419.2,"standard_error":79448.2917432986},"median":{"confidence_interval":{"confidence_level":0.95,"lower_bound":16045255.0,"upper_bound":16219015.5},"point_estimate":16118333.0,"standard_error":47132.92858922483},"median_abs_dev":{"confidence_interval":{"confidence_level":0.95,"lower_bound":21568.12311708927,"upper_bound":275324.74551200867},"point_estimate":111890.33741354942,"standard_error":63665.62801422655},"slope":null,"std_dev":{"confidence_interval":{"confidence_level":0.95,"lower_bound":65039.61346654651,"upper_bound":391069.7473389804},"point_estimate":264292.4466650112,"standard_error":100720.09991832027}}