{"mean":{"confidence_interval":{"confidence_level":0.95,"lower_bound":17714239.335,"upper_bound":18607570.54},"point_estimate":18164033.0,"standard_error":228926.60508122045},"median":{"confidence_interval":{"confidence_level":0.95,"lower_bound":17584256.0,"upper_bound":18789833.0},"point_estimate":18175611.5,"standard_error":292705.7757746405},"median_abs_dev":{"confidence_interval":{"confidence_level":0.95,"lower_bound":156858.33591520786,"upper_bound":1325433.9982688427},"point_estimate":861259.3746095896,"standard_error":307099.77508840716},"slope":null,"std_dev":{"confidence_interval":{"confidence_level":0.95,"lower_bound":418093.34469497757,"upper_bound":967808.9246183361},"point_estimate":764067.638547647,"standard_error":139310.76094220518}}