{"mean":{"confidence_interval":{"confidence_level":0.95,"lower_bound":16794877.3725,"upper_bound":17265973.5625},"point_estimate":17026779.3,"standard_error":120803.07423009342},"median":{"confidence_interval":{"confidence_level":0.95,"lower_bound":16705824.0,"upper_bound":17416005.0},"point_estimate":16947987.5,"standard_error":186925.6567229539},"median_abs_dev":{"confidence_interval":{"confidence_level":0.95,"lower_bound":41544.67516243458,"upper_bound":661896.3800489902},"point_estimate":489680.5323064327,"standard_error":156874.13605821176},"slope":null,"std_dev":{"confidence_interval":{"confidence_level":0.95,"lower_bound":238528.6762759183,"upper_bound":492695.78748401016},"point_estimate":401168.73309315456,"standard_error":64708.47666616924}}