{"mean":{"confidence_interval":{"confidence_level":0.95,"lower_bound":16073294.8125,"upper_bound":16325961.9},"point_estimate":16198457.8,"standard_error":64629.72352756019},"median":{"confidence_interval":{"confidence_level":0.95,"lower_bound":15996860.0,"upper_bound":16385173.0},"point_estimate":16184015.0,"standard_error":113759.21967346518},"median_abs_dev":{"confidence_interval":{"confidence_level":0.95,"lower_bound":60342.560228705406,"upper_bound":344071.42369151115},"point_estimate":261864.22035098076,"standard_error":80278.45952835587},"slope":null,"std_dev":{"confidence_interval":{"confidence_level":0.95,"lower_bound":136711.6642228712,"upper_bound":259583.4311983764},"point_estimate":215490.20011427175,"standard_error":31653.90676438853}}