{"mean":{"confidence_interval":{"confidence_level":0.95,"lower_bound":18059452.3,"upper_bound":18585207.542499997},"point_estimate":18322989.0,"standard_error":135043.22997358922},"median":{"confidence_interval":{"confidence_level":0.95,"lower_bound":17858374.0,"upper_bound":18731605.0},"point_estimate":18355050.0,"standard_error":228384.47292168907},"median_abs_dev":{"confidence_interval":{"confidence_level":0.95,"lower_bound":134462.1807128191,"upper_bound":740973.8148450851},"point_estimate":606380.4240345955,"standard_error":162842.01605983885},"slope":null,"std_dev":{"confidence_interval":{"confidence_level":0.95,"lower_bound":284594.0852980609,"upper_bound":540450.1137707757},"point_estimate":450974.61851638614,"standard_error":65342.62430548036}}