{"mean":{"confidence_interval":{"confidence_level":0.95,"lower_bound":2467.499952842466,"upper_bound":2538.748643368809},"point_estimate":2497.7830711103074,"standard_error":18.379613393614154},"median":{"confidence_interval":{"confidence_level":0.95,"lower_bound":2442.75611923971,"upper_bound":2455.03640776699},"point_estimate":2448.344562105616,"standard_error":3.53608901220879},"median_abs_dev":{"confidence_interval":{"confidence_level":0.95,"lower_bound":21.35230559765891,"upper_bound":40.17354285641551},"point_estimate":28.70171406568568,"standard_error":4.5306814380060185},"slope":{"confidence_interval":{"confidence_level":0.95,"lower_bound":2434.92311911948,"upper_bound":2443.2779122780516},"point_estimate":2438.7652778762154,"standard_error":2.126033932024891},"std_dev":{"confidence_interval":{"confidence_level":0.95,"lower_bound":77.13251913983348,"upper_bound":284.7729912159924},"point_estimate":184.265997970124,"standard_error":60.99227900674623}}