{"mean":{"confidence_interval":{"confidence_level":0.95,"lower_bound":146402679.23000002,"upper_bound":156392593.2},"point_estimate":151214932.8,"standard_error":2567357.030908706},"median":{"confidence_interval":{"confidence_level":0.95,"lower_bound":143057000.0,"upper_bound":158077444.0},"point_estimate":150505689.0,"standard_error":2935230.596058291},"median_abs_dev":{"confidence_interval":{"confidence_level":0.95,"lower_bound":190361.38882040977,"upper_bound":16143782.036590576},"point_estimate":8612888.783490658,"standard_error":4499355.154199474},"slope":null,"std_dev":{"confidence_interval":{"confidence_level":0.95,"lower_bound":4523829.21106642,"upper_bound":10793473.351700071},"point_estimate":8592329.766444797,"standard_error":1618441.857072364}}