{"mean":{"confidence_interval":{"confidence_level":0.95,"lower_bound":162598383.4,"upper_bound":167675033.5875},"point_estimate":165136706.6,"standard_error":1299729.1441855943},"median":{"confidence_interval":{"confidence_level":0.95,"lower_bound":161181775.0,"upper_bound":168697262.0},"point_estimate":165035092.0,"standard_error":1828607.185991993},"median_abs_dev":{"confidence_interval":{"confidence_level":0.95,"lower_bound":1141181.6626399755,"upper_bound":7422990.3683155775},"point_estimate":5401434.169605374,"standard_error":1617524.341234262},"slope":null,"std_dev":{"confidence_interval":{"confidence_level":0.95,"lower_bound":2574037.8838016544,"upper_bound":5337965.497075622},"point_estimate":4331864.82870079,"standard_error":704945.7915356457}}