{"mean":{"confidence_interval":{"confidence_level":0.95,"lower_bound":159722382.225,"upper_bound":167763293.765},"point_estimate":163638256.4,"standard_error":2064306.8428623641},"median":{"confidence_interval":{"confidence_level":0.95,"lower_bound":158177922.0,"upper_bound":169114324.5},"point_estimate":162733845.5,"standard_error":3353433.263376353},"median_abs_dev":{"confidence_interval":{"confidence_level":0.95,"lower_bound":1038708.8002592325,"upper_bound":11501961.669999361},"point_estimate":7221712.595888972,"standard_error":2927492.5092003685},"slope":null,"std_dev":{"confidence_interval":{"confidence_level":0.95,"lower_bound":3956196.5037650396,"upper_bound":8418380.665565714},"point_estimate":6896268.1111388095,"standard_error":1132882.8347878088}}