{"mean":{"confidence_interval":{"confidence_level":0.95,"lower_bound":198452056.1225,"upper_bound":221726863.14749998},"point_estimate":208698282.6,"standard_error":6017715.00413182},"median":{"confidence_interval":{"confidence_level":0.95,"lower_bound":193967716.0,"upper_bound":219185925.0},"point_estimate":201336307.0,"standard_error":7293249.759745422},"median_abs_dev":{"confidence_interval":{"confidence_level":0.95,"lower_bound":1770975.3054589033,"upper_bound":30364588.1706208},"point_estimate":13247770.582205057,"standard_error":7174042.416024157},"slope":null,"std_dev":{"confidence_interval":{"confidence_level":0.95,"lower_bound":7996776.751518869,"upper_bound":28210479.551244617},"point_estimate":20018580.177905854,"standard_error":5946590.072807605}}