{"mean":{"confidence_interval":{"confidence_level":0.95,"lower_bound":169215977.7,"upper_bound":189469420.6},"point_estimate":179388500.9,"standard_error":5183081.985354663},"median":{"confidence_interval":{"confidence_level":0.95,"lower_bound":165990429.0,"upper_bound":192564850.5},"point_estimate":182398884.5,"standard_error":6140104.129966027},"median_abs_dev":{"confidence_interval":{"confidence_level":0.95,"lower_bound":2106263.0656063557,"upper_bound":31508425.91111362},"point_estimate":17642501.578482985,"standard_error":8300035.445716442},"slope":null,"std_dev":{"confidence_interval":{"confidence_level":0.95,"lower_bound":9630666.681275398,"upper_bound":21751237.22483283},"point_estimate":17237075.983781572,"standard_error":3150024.6925278157}}