{"mean":{"confidence_interval":{"confidence_level":0.95,"lower_bound":16812502.355,"upper_bound":16946809.6},"point_estimate":16878757.9,"standard_error":34482.78141519787},"median":{"confidence_interval":{"confidence_level":0.95,"lower_bound":16780193.0,"upper_bound":16977416.0},"point_estimate":16871202.5,"standard_error":53434.47408085371},"median_abs_dev":{"confidence_interval":{"confidence_level":0.95,"lower_bound":20184.857341647148,"upper_bound":191242.05320477486},"point_estimate":136735.00647246838,"standard_error":42354.875110238565},"slope":null,"std_dev":{"confidence_interval":{"confidence_level":0.95,"lower_bound":69034.78832974962,"upper_bound":140736.51104074935},"point_estimate":114933.121388484,"standard_error":18249.45398538689}}