{"mean":{"confidence_interval":{"confidence_level":0.95,"lower_bound":16068406.000000002,"upper_bound":16935838.6},"point_estimate":16525461.4,"standard_error":222625.0327813368},"median":{"confidence_interval":{"confidence_level":0.95,"lower_bound":16086085.0,"upper_bound":16908054.0},"point_estimate":16687334.0,"standard_error":176266.30125081653},"median_abs_dev":{"confidence_interval":{"confidence_level":0.95,"lower_bound":50152.650609612465,"upper_bound":1311904.5322090387},"point_estimate":315804.913893342,"standard_error":322856.8355991432},"slope":null,"std_dev":{"confidence_interval":{"confidence_level":0.95,"lower_bound":233022.8581815069,"upper_bound":988790.6611964379},"point_estimate":740869.5283645802,"standard_error":183332.95829339413}}