{"mean":{"confidence_interval":{"confidence_level":0.95,"lower_bound":127953802.7,"upper_bound":133594894.5},"point_estimate":130674242.5,"standard_error":1443502.3001792035},"median":{"confidence_interval":{"confidence_level":0.95,"lower_bound":126920469.5,"upper_bound":134474623.0},"point_estimate":129617035.5,"standard_error":1864445.8627911173},"median_abs_dev":{"confidence_interval":{"confidence_level":0.95,"lower_bound":1217521.476584673,"upper_bound":7797675.998863578},"point_estimate":4521678.6190241575,"standard_error":1825264.4963776113},"slope":null,"std_dev":{"confidence_interval":{"confidence_level":0.95,"lower_bound":2517217.868357449,"upper_bound":6198356.469689279},"point_estimate":4842161.947855048,"standard_error":949447.4723975712}}