{"mean":{"confidence_interval":{"confidence_level":0.95,"lower_bound":162414038.72,"upper_bound":182566047.4},"point_estimate":172779376.8,"standard_error":5124241.148593892},"median":{"confidence_interval":{"confidence_level":0.95,"lower_bound":164391809.0,"upper_bound":185063919.0},"point_estimate":171497992.0,"standard_error":5023826.538782459},"median_abs_dev":{"confidence_interval":{"confidence_level":0.95,"lower_bound":1863015.11182487,"upper_bound":29571504.7473303},"point_estimate":11412661.708384752,"standard_error":7222199.876127899},"slope":null,"std_dev":{"confidence_interval":{"confidence_level":0.95,"lower_bound":8130877.376123834,"upper_bound":23073042.5338427},"point_estimate":17113960.406653084,"standard_error":3949500.928818029}}