{"mean":{"confidence_interval":{"confidence_level":0.95,"lower_bound":436569.6672588233,"upper_bound":467392.72641813295},"point_estimate":451971.555777258,"standard_error":7868.128844062544},"median":{"confidence_interval":{"confidence_level":0.95,"lower_bound":419888.06382978725,"upper_bound":474600.3447204969},"point_estimate":447564.2516783029,"standard_error":14450.193111183753},"median_abs_dev":{"confidence_interval":{"confidence_level":0.95,"lower_bound":69929.07552227781,"upper_bound":114376.60629371756},"point_estimate":94562.06554911964,"standard_error":12076.313293316109},"slope":{"confidence_interval":{"confidence_level":0.95,"lower_bound":434655.8558452918,"upper_bound":472616.12425611564},"point_estimate":453957.7101152653,"standard_error":9714.151152384777},"std_dev":{"confidence_interval":{"confidence_level":0.95,"lower_bound":69913.16347363463,"upper_bound":87195.9921591129},"point_estimate":78997.95845886669,"standard_error":4403.7387487439155}}