{"mean":{"confidence_interval":{"confidence_level":0.95,"lower_bound":265.14920838672026,"upper_bound":266.9187456236299},"point_estimate":266.002459034248,"standard_error":0.45289427966194457},"median":{"confidence_interval":{"confidence_level":0.95,"lower_bound":263.4709804320056,"upper_bound":263.9630178738925},"point_estimate":263.703386464985,"standard_error":0.1503572780125536},"median_abs_dev":{"confidence_interval":{"confidence_level":0.95,"lower_bound":0.7030965666797728,"upper_bound":1.757698514739269},"point_estimate":1.1567057230147926,"standard_error":0.26941323054459293},"slope":{"confidence_interval":{"confidence_level":0.95,"lower_bound":264.94534347097465,"upper_bound":266.8610776924838},"point_estimate":265.8135731408519,"standard_error":0.4903374624463358},"std_dev":{"confidence_interval":{"confidence_level":0.95,"lower_bound":3.7356621198223867,"upper_bound":5.2092346850969955},"point_estimate":4.536005754163204,"standard_error":0.3758199002642262}}