{"mean":{"confidence_interval":{"confidence_level":0.95,"lower_bound":16579240.1,"upper_bound":18070162.122500002},"point_estimate":17342554.4,"standard_error":382646.50554784655},"median":{"confidence_interval":{"confidence_level":0.95,"lower_bound":15805123.0,"upper_bound":18416440.5},"point_estimate":17630757.5,"standard_error":597183.100293683},"median_abs_dev":{"confidence_interval":{"confidence_level":0.95,"lower_bound":244221.28066420555,"upper_bound":2210840.4786497355},"point_estimate":1298048.1528550386,"standard_error":525244.708882649},"slope":null,"std_dev":{"confidence_interval":{"confidence_level":0.95,"lower_bound":699127.7219836874,"upper_bound":1516150.422767917},"point_estimate":1273779.2335149061,"standard_error":196963.91535457125}}