{"mean":{"confidence_interval":{"confidence_level":0.95,"lower_bound":13584222.2,"upper_bound":13933616.514999999},"point_estimate":13743268.9,"standard_error":89759.5432096034},"median":{"confidence_interval":{"confidence_level":0.95,"lower_bound":13502779.5,"upper_bound":13893772.5},"point_estimate":13709467.0,"standard_error":106270.35695617626},"median_abs_dev":{"confidence_interval":{"confidence_level":0.95,"lower_bound":62156.52129650116,"upper_bound":458095.22246718407},"point_estimate":265512.1575862169,"standard_error":101586.7685284154},"slope":null,"std_dev":{"confidence_interval":{"confidence_level":0.95,"lower_bound":134937.61341289044,"upper_bound":408029.52281421114},"point_estimate":298996.83949479763,"standard_error":78178.29100613626}}