{"mean":{"confidence_interval":{"confidence_level":0.95,"lower_bound":326732.5983476815,"upper_bound":343308.9799059789},"point_estimate":334868.71296890755,"standard_error":4229.892830131149},"median":{"confidence_interval":{"confidence_level":0.95,"lower_bound":318302.53559780074,"upper_bound":334248.0053763441},"point_estimate":323512.02037037036,"standard_error":3905.2024869839997},"median_abs_dev":{"confidence_interval":{"confidence_level":0.95,"lower_bound":18642.878689911693,"upper_bound":36105.99802957869},"point_estimate":26408.365474621853,"standard_error":4623.190974107306},"slope":{"confidence_interval":{"confidence_level":0.95,"lower_bound":342480.9479936071,"upper_bound":366889.46549912187},"point_estimate":354500.68418403034,"standard_error":6231.8979288581895},"std_dev":{"confidence_interval":{"confidence_level":0.95,"lower_bound":34390.98185935216,"upper_bound":50350.49650619098},"point_estimate":42518.26761051638,"standard_error":4101.603008652547}}