{"mean":{"confidence_interval":{"confidence_level":0.95,"lower_bound":1853715.1606182798,"upper_bound":1924134.500888793},"point_estimate":1887828.7138645672,"standard_error":18032.549020447685},"median":{"confidence_interval":{"confidence_level":0.95,"lower_bound":1832759.8064516129,"upper_bound":1932142.0669802867},"point_estimate":1890327.3252688171,"standard_error":28066.378545721906},"median_abs_dev":{"confidence_interval":{"confidence_level":0.95,"lower_bound":11076.064292070294,"upper_bound":106891.24373778507},"point_estimate":73813.85615970337,"standard_error":23573.95284709769},"slope":{"confidence_interval":{"confidence_level":0.95,"lower_bound":1883740.8115942029,"upper_bound":1963451.3993843612},"point_estimate":1932467.445496439,"standard_error":20530.240141977578},"std_dev":{"confidence_interval":{"confidence_level":0.95,"lower_bound":35350.97908831492,"upper_bound":74725.87701123489},"point_estimate":59990.002760375304,"standard_error":10275.344152878435}}