{"mean":{"confidence_interval":{"confidence_level":0.95,"lower_bound":74498900.795,"upper_bound":77256670.88},"point_estimate":75895099.2,"standard_error":703726.2137968744},"median":{"confidence_interval":{"confidence_level":0.95,"lower_bound":73931514.0,"upper_bound":77686975.0},"point_estimate":76192787.0,"standard_error":1009698.0745262956},"median_abs_dev":{"confidence_interval":{"confidence_level":0.95,"lower_bound":707237.2524440289,"upper_bound":4080396.0802584887},"point_estimate":2678336.8675500154,"standard_error":876495.1743554913},"slope":null,"std_dev":{"confidence_interval":{"confidence_level":0.95,"lower_bound":1370758.0946024032,"upper_bound":2884664.1433469914},"point_estimate":2347044.6486727283,"standard_error":382328.26715651364}}