{"mean":{"confidence_interval":{"confidence_level":0.95,"lower_bound":67732610.67,"upper_bound":70146045.44500001},"point_estimate":68900181.5,"standard_error":615401.5141881705},"median":{"confidence_interval":{"confidence_level":0.95,"lower_bound":67703587.5,"upper_bound":70031165.0},"point_estimate":68565990.0,"standard_error":542625.8731456479},"median_abs_dev":{"confidence_interval":{"confidence_level":0.95,"lower_bound":194960.41393876076,"upper_bound":3358973.311266303},"point_estimate":1486516.2615090609,"standard_error":805192.1858714385},"slope":null,"std_dev":{"confidence_interval":{"confidence_level":0.95,"lower_bound":844209.3372881855,"upper_bound":2803218.500588649},"point_estimate":2046462.801235572,"standard_error":501887.65786350943}}