{"mean":{"confidence_interval":{"confidence_level":0.95,"lower_bound":92521428.11500001,"upper_bound":101521560.1},"point_estimate":96879273.3,"standard_error":2305238.5221460545},"median":{"confidence_interval":{"confidence_level":0.95,"lower_bound":90562005.5,"upper_bound":103063296.0},"point_estimate":97250329.0,"standard_error":2971465.321447316},"median_abs_dev":{"confidence_interval":{"confidence_level":0.95,"lower_bound":1092448.6015051603,"upper_bound":14094752.519068122},"point_estimate":7739331.242099404,"standard_error":3330669.8512221547},"slope":null,"std_dev":{"confidence_interval":{"confidence_level":0.95,"lower_bound":4243261.185060684,"upper_bound":9652822.205980923},"point_estimate":7669911.462184018,"standard_error":1399209.3590725164}}