{"mean":{"confidence_interval":{"confidence_level":0.95,"lower_bound":70543759.97500001,"upper_bound":73361111.9},"point_estimate":71928218.7,"standard_error":720891.084721038},"median":{"confidence_interval":{"confidence_level":0.95,"lower_bound":69854025.0,"upper_bound":73893495.0},"point_estimate":71806872.0,"standard_error":1094951.436759238},"median_abs_dev":{"confidence_interval":{"confidence_level":0.95,"lower_bound":663934.9550127983,"upper_bound":4085208.5997730494},"point_estimate":2994459.0578377247,"standard_error":846817.3341185619},"slope":null,"std_dev":{"confidence_interval":{"confidence_level":0.95,"lower_bound":1424842.4623058068,"upper_bound":2945169.4114202666},"point_estimate":2400411.207120936,"standard_error":387885.3013508912}}