{"mean":{"confidence_interval":{"confidence_level":0.95,"lower_bound":96373123.49,"upper_bound":109879422.96749999},"point_estimate":102086414.2,"standard_error":3531875.4230772816},"median":{"confidence_interval":{"confidence_level":0.95,"lower_bound":94339981.0,"upper_bound":104881439.0},"point_estimate":99928489.0,"standard_error":3000370.2629029425},"median_abs_dev":{"confidence_interval":{"confidence_level":0.95,"lower_bound":2104858.302131295,"upper_bound":12943625.57580471},"point_estimate":7814382.676666975,"standard_error":2728610.12844009},"slope":null,"std_dev":{"confidence_interval":{"confidence_level":0.95,"lower_bound":3848312.468856412,"upper_bound":17368027.930936065},"point_estimate":11824619.382887352,"standard_error":4282962.283197786}}