{"mean":{"confidence_interval":{"confidence_level":0.95,"lower_bound":1052533361.4,"upper_bound":1169021363.1324997},"point_estimate":1110854862.2,"standard_error":29944857.435717832},"median":{"confidence_interval":{"confidence_level":0.95,"lower_bound":1031023393.5,"upper_bound":1193328172.5},"point_estimate":1114315704.0,"standard_error":47487154.37520278},"median_abs_dev":{"confidence_interval":{"confidence_level":0.95,"lower_bound":28511747.4011153,"upper_bound":159558501.10217035},"point_estimate":108152796.28370404,"standard_error":35584447.98087681},"slope":null,"std_dev":{"confidence_interval":{"confidence_level":0.95,"lower_bound":60966695.1851873,"upper_bound":124058374.11945772},"point_estimate":100208549.66348292,"standard_error":16180426.428493379}}