{"mean":{"confidence_interval":{"confidence_level":0.95,"lower_bound":954595045.8000001,"upper_bound":1062435646.4024999},"point_estimate":1011368248.1,"standard_error":27624835.860259786},"median":{"confidence_interval":{"confidence_level":0.95,"lower_bound":935473001.0,"upper_bound":1068402939.5},"point_estimate":1037248531.0,"standard_error":31331928.78269981},"median_abs_dev":{"confidence_interval":{"confidence_level":0.95,"lower_bound":13839193.796405196,"upper_bound":154224925.53336024},"point_estimate":61917704.09274101,"standard_error":36212666.41482966},"slope":null,"std_dev":{"confidence_interval":{"confidence_level":0.95,"lower_bound":37602641.91398632,"upper_bound":117101875.85750772},"point_estimate":91774923.72220854,"standard_error":19741189.394609142}}