{"mean":{"confidence_interval":{"confidence_level":0.95,"lower_bound":684584249.3924999,"upper_bound":717469526.8},"point_estimate":699552993.1,"standard_error":8418844.419405364},"median":{"confidence_interval":{"confidence_level":0.95,"lower_bound":678211071.0,"upper_bound":715181636.5},"point_estimate":690174872.0,"standard_error":12640867.024355339},"median_abs_dev":{"confidence_interval":{"confidence_level":0.95,"lower_bound":919542.6034748554,"upper_bound":47687985.30896902},"point_estimate":21406619.05415654,"standard_error":13167265.104701785},"slope":null,"std_dev":{"confidence_interval":{"confidence_level":0.95,"lower_bound":13369616.553558711,"upper_bound":38050707.01096826},"point_estimate":28027090.47032181,"standard_error":7045381.53982694}}