{"mean":{"confidence_interval":{"confidence_level":0.95,"lower_bound":14655626.535,"upper_bound":15016389.705},"point_estimate":14829358.2,"standard_error":92500.63816921288},"median":{"confidence_interval":{"confidence_level":0.95,"lower_bound":14572286.0,"upper_bound":15084604.0},"point_estimate":14797757.5,"standard_error":137423.75855526113},"median_abs_dev":{"confidence_interval":{"confidence_level":0.95,"lower_bound":30989.304649829865,"upper_bound":524138.37959468365},"point_estimate":342588.82371783257,"standard_error":125950.98417537787},"slope":null,"std_dev":{"confidence_interval":{"confidence_level":0.95,"lower_bound":166306.7960766995,"upper_bound":374696.88511565956},"point_estimate":307980.40469693666,"standard_error":51479.65145023216}}