{"mean":{"confidence_interval":{"confidence_level":0.95,"lower_bound":14582654.7,"upper_bound":14711094.9},"point_estimate":14647599.5,"standard_error":32857.124598146955},"median":{"confidence_interval":{"confidence_level":0.95,"lower_bound":14560398.5,"upper_bound":14723931.0},"point_estimate":14658147.5,"standard_error":32948.39859511173},"median_abs_dev":{"confidence_interval":{"confidence_level":0.95,"lower_bound":5160.930508375168,"upper_bound":194052.32145488262},"point_estimate":89981.21630251408,"standard_error":51360.608185065874},"slope":null,"std_dev":{"confidence_interval":{"confidence_level":0.95,"lower_bound":53634.46427645402,"upper_bound":142693.0094581061},"point_estimate":109617.3795661274,"standard_error":22374.954343299785}}