{"mean":{"confidence_interval":{"confidence_level":0.95,"lower_bound":114300383.1,"upper_bound":128375830.69749999},"point_estimate":121298167.2,"standard_error":3593513.1086887764},"median":{"confidence_interval":{"confidence_level":0.95,"lower_bound":113980464.0,"upper_bound":130361110.5},"point_estimate":121337228.0,"standard_error":3741654.632410894},"median_abs_dev":{"confidence_interval":{"confidence_level":0.95,"lower_bound":2319063.605028391,"upper_bound":20581397.978407145},"point_estimate":9553447.982892394,"standard_error":5161750.746608674},"slope":null,"std_dev":{"confidence_interval":{"confidence_level":0.95,"lower_bound":6158020.666159907,"upper_bound":15492768.299880426},"point_estimate":11962985.626649465,"standard_error":2395230.853059415}}