{"mean":{"confidence_interval":{"confidence_level":0.95,"lower_bound":115027051.5,"upper_bound":132714184.1625},"point_estimate":123048935.9,"standard_error":4552794.341677894},"median":{"confidence_interval":{"confidence_level":0.95,"lower_bound":110337449.0,"upper_bound":129244744.0},"point_estimate":123451968.0,"standard_error":4677093.149129602},"median_abs_dev":{"confidence_interval":{"confidence_level":0.95,"lower_bound":2115286.1690461636,"upper_bound":22883334.5885396},"point_estimate":8867357.053872943,"standard_error":5182586.381347878},"slope":null,"std_dev":{"confidence_interval":{"confidence_level":0.95,"lower_bound":6429079.791420245,"upper_bound":21354926.254662327},"point_estimate":15191733.447659263,"standard_error":4389798.154504357}}