{"mean":{"confidence_interval":{"confidence_level":0.95,"lower_bound":95311384.0,"upper_bound":105686321.5},"point_estimate":100254554.5,"standard_error":2666629.705476965},"median":{"confidence_interval":{"confidence_level":0.95,"lower_bound":93528669.0,"upper_bound":108532885.0},"point_estimate":98157695.0,"standard_error":3212867.6980542834},"median_abs_dev":{"confidence_interval":{"confidence_level":0.95,"lower_bound":1055428.080162406,"upper_bound":16118487.398439646},"point_estimate":7186696.549710631,"standard_error":3689175.475524726},"slope":null,"std_dev":{"confidence_interval":{"confidence_level":0.95,"lower_bound":4176841.7105633724,"upper_bound":11088919.997516548},"point_estimate":8869045.84593573,"standard_error":1748037.8726311813}}