{"mean":{"confidence_interval":{"confidence_level":0.95,"lower_bound":90232048.1025,"upper_bound":95799974.3},"point_estimate":92870573.6,"standard_error":1427066.3218533222},"median":{"confidence_interval":{"confidence_level":0.95,"lower_bound":88407900.0,"upper_bound":96289957.0},"point_estimate":92446333.5,"standard_error":2063827.3625722942},"median_abs_dev":{"confidence_interval":{"confidence_level":0.95,"lower_bound":511210.8491241932,"upper_bound":7961724.944651127},"point_estimate":5331124.831053615,"standard_error":2053561.651102919},"slope":null,"std_dev":{"confidence_interval":{"confidence_level":0.95,"lower_bound":2446260.463486847,"upper_bound":6072446.088070802},"point_estimate":4775251.195032948,"standard_error":953579.6849763757}}