{"mean":{"confidence_interval":{"confidence_level":0.95,"lower_bound":84874133.6,"upper_bound":92760272.9925},"point_estimate":88932710.9,"standard_error":2026387.7313781423},"median":{"confidence_interval":{"confidence_level":0.95,"lower_bound":81917095.0,"upper_bound":94599264.0},"point_estimate":90894537.5,"standard_error":3064008.3207060816},"median_abs_dev":{"confidence_interval":{"confidence_level":0.95,"lower_bound":842007.8139513731,"upper_bound":10895133.500772715},"point_estimate":6875668.572932482,"standard_error":2742072.454550151},"slope":null,"std_dev":{"confidence_interval":{"confidence_level":0.95,"lower_bound":3507652.5950077972,"upper_bound":8023428.023058421},"point_estimate":6745140.377705278,"standard_error":1078547.731884529}}