{"mean":{"confidence_interval":{"confidence_level":0.95,"lower_bound":104968404.1,"upper_bound":121774967.85},"point_estimate":112762011.7,"standard_error":4312959.848285743},"median":{"confidence_interval":{"confidence_level":0.95,"lower_bound":101342459.0,"upper_bound":118619435.5},"point_estimate":113017600.5,"standard_error":4747489.530684208},"median_abs_dev":{"confidence_interval":{"confidence_level":0.95,"lower_bound":2158847.180172801,"upper_bound":22090096.900722384},"point_estimate":10242660.526156425,"standard_error":4995418.836655078},"slope":null,"std_dev":{"confidence_interval":{"confidence_level":0.95,"lower_bound":6331315.945075063,"upper_bound":19868764.165103026},"point_estimate":14351357.22287953,"standard_error":3846382.0833670576}}