{"mean":{"confidence_interval":{"confidence_level":0.95,"lower_bound":422051.8028910528,"upper_bound":442727.054997869},"point_estimate":432087.8403935392,"standard_error":5249.00741460721},"median":{"confidence_interval":{"confidence_level":0.95,"lower_bound":417758.49696969695,"upper_bound":439828.8958333333},"point_estimate":427332.12876157404,"standard_error":5083.728286409483},"median_abs_dev":{"confidence_interval":{"confidence_level":0.95,"lower_bound":32315.015506685944,"upper_bound":50143.92435431945},"point_estimate":39676.02511789359,"standard_error":4610.599812824845},"slope":{"confidence_interval":{"confidence_level":0.95,"lower_bound":428837.2819000796,"upper_bound":450836.97764515365},"point_estimate":439633.5724644106,"standard_error":5601.215554135173},"std_dev":{"confidence_interval":{"confidence_level":0.95,"lower_bound":39067.893498392834,"upper_bound":67867.26772851062},"point_estimate":52857.21928686142,"standard_error":7553.703707674934}}