{"mean":{"confidence_interval":{"confidence_level":0.95,"lower_bound":15065.304679278815,"upper_bound":15204.928863811378},"point_estimate":15122.115636710218,"standard_error":36.699269895783566},"median":{"confidence_interval":{"confidence_level":0.95,"lower_bound":15053.708133971291,"upper_bound":15063.233270202021},"point_estimate":15058.7254074357,"standard_error":2.5999607449353976},"median_abs_dev":{"confidence_interval":{"confidence_level":0.95,"lower_bound":16.905138881657884,"upper_bound":30.02139185030603},"point_estimate":22.236910933635336,"standard_error":3.3921573215450973},"slope":{"confidence_interval":{"confidence_level":0.95,"lower_bound":15071.645455693366,"upper_bound":15195.687428433437},"point_estimate":15122.81226791336,"standard_error":32.2418693099771},"std_dev":{"confidence_interval":{"confidence_level":0.95,"lower_bound":51.08456701425336,"upper_bound":594.2050282123715},"point_estimate":369.0853175785717,"standard_error":148.1883888335291}}