{"mean":{"confidence_interval":{"confidence_level":0.95,"lower_bound":294092.300941846,"upper_bound":301919.5692552776},"point_estimate":298007.8812057728,"standard_error":2003.255045941828},"median":{"confidence_interval":{"confidence_level":0.95,"lower_bound":291499.05194805196,"upper_bound":300320.58208955225},"point_estimate":296320.204659162,"standard_error":2289.9322216143473},"median_abs_dev":{"confidence_interval":{"confidence_level":0.95,"lower_bound":12615.838094774079,"upper_bound":22030.58712047451},"point_estimate":17171.959419562183,"standard_error":2428.6238337457726},"slope":{"confidence_interval":{"confidence_level":0.95,"lower_bound":297760.6971702854,"upper_bound":306025.4873079206},"point_estimate":301780.45232377714,"standard_error":2111.65413924878},"std_dev":{"confidence_interval":{"confidence_level":0.95,"lower_bound":16956.27890126489,"upper_bound":23027.473468952627},"point_estimate":20143.94138054637,"standard_error":1552.1494025678082}}