{"mean":{"confidence_interval":{"confidence_level":0.95,"lower_bound":348625.74346286687,"upper_bound":366447.42004964896},"point_estimate":357581.7253453193,"standard_error":4565.754063073475},"median":{"confidence_interval":{"confidence_level":0.95,"lower_bound":346899.5582355497,"upper_bound":371068.14105642255},"point_estimate":358750.764379529,"standard_error":6228.454302493181},"median_abs_dev":{"confidence_interval":{"confidence_level":0.95,"lower_bound":34618.4689278724,"upper_bound":61578.43289499314},"point_estimate":45557.59259073774,"standard_error":6781.322593952921},"slope":{"confidence_interval":{"confidence_level":0.95,"lower_bound":355685.6879695944,"upper_bound":372586.17742541083},"point_estimate":363709.1405310083,"standard_error":4310.594738247804},"std_dev":{"confidence_interval":{"confidence_level":0.95,"lower_bound":40166.42413533106,"upper_bound":51040.83093726549},"point_estimate":45925.04949302713,"standard_error":2771.219724856621}}