{"mean":{"confidence_interval":{"confidence_level":0.95,"lower_bound":6393967.7,"upper_bound":7447113.4},"point_estimate":6870371.0,"standard_error":271205.75873162283},"median":{"confidence_interval":{"confidence_level":0.95,"lower_bound":6302894.5,"upper_bound":7456687.0},"point_estimate":6536033.0,"standard_error":284883.2202860774},"median_abs_dev":{"confidence_interval":{"confidence_level":0.95,"lower_bound":89509.00821089745,"upper_bound":1400579.577934742},"point_estimate":383450.76159238815,"standard_error":314051.3390209138},"slope":null,"std_dev":{"confidence_interval":{"confidence_level":0.95,"lower_bound":257227.27631072357,"upper_bound":1154130.2336691106},"point_estimate":900068.4848852089,"standard_error":229827.83801629688}}