{"mean":{"confidence_interval":{"confidence_level":0.95,"lower_bound":6018332.375,"upper_bound":6279720.521249999},"point_estimate":6145740.3,"standard_error":66831.78079137598},"median":{"confidence_interval":{"confidence_level":0.95,"lower_bound":6001050.75,"upper_bound":6325019.25},"point_estimate":6084949.5,"standard_error":98002.65475913884},"median_abs_dev":{"confidence_interval":{"confidence_level":0.95,"lower_bound":6587.19168305397,"upper_bound":367134.37823206186},"point_estimate":166159.4268500805,"standard_error":101526.39809758715},"slope":null,"std_dev":{"confidence_interval":{"confidence_level":0.95,"lower_bound":118649.47701927398,"upper_bound":280829.78405605315},"point_estimate":222827.73348276617,"standard_error":40953.89782871858}}