{"mean":{"confidence_interval":{"confidence_level":0.95,"lower_bound":6966626.0,"upper_bound":8241607.847499999},"point_estimate":7563009.9,"standard_error":329510.13980547286},"median":{"confidence_interval":{"confidence_level":0.95,"lower_bound":6966328.0,"upper_bound":8513905.0},"point_estimate":7103936.5,"standard_error":367299.77790399845},"median_abs_dev":{"confidence_interval":{"confidence_level":0.95,"lower_bound":55536.71241402626,"upper_bound":1802874.185192585},"point_estimate":526446.7877537012,"standard_error":472270.39297028625},"slope":null,"std_dev":{"confidence_interval":{"confidence_level":0.95,"lower_bound":391234.94770728785,"upper_bound":1401460.5894947026},"point_estimate":1096445.6849037712,"standard_error":247632.74750035114}}