{"mean":{"confidence_interval":{"confidence_level":0.95,"lower_bound":7282592.492500001,"upper_bound":9057247.257499998},"point_estimate":8093899.5,"standard_error":456397.44829525606},"median":{"confidence_interval":{"confidence_level":0.95,"lower_bound":7107232.0,"upper_bound":9154771.5},"point_estimate":7509976.0,"standard_error":497720.0294953776},"median_abs_dev":{"confidence_interval":{"confidence_level":0.95,"lower_bound":186827.61178314686,"upper_bound":2267580.320942402},"point_estimate":679032.2705447674,"standard_error":526307.7579121633},"slope":null,"std_dev":{"confidence_interval":{"confidence_level":0.95,"lower_bound":417723.4613083348,"upper_bound":1908917.6800981387},"point_estimate":1522943.12973424,"standard_error":376982.5787758138}}