{"mean":{"confidence_interval":{"confidence_level":0.95,"lower_bound":415385.01032049773,"upper_bound":455236.8028337152},"point_estimate":434343.7864257129,"standard_error":10194.495703802508},"median":{"confidence_interval":{"confidence_level":0.95,"lower_bound":394280.02662037034,"upper_bound":419888.637254902},"point_estimate":401138.8183111955,"standard_error":7082.4852730250705},"median_abs_dev":{"confidence_interval":{"confidence_level":0.95,"lower_bound":37275.50356626591,"upper_bound":74666.89071907336},"point_estimate":53542.34349134263,"standard_error":9517.748066276476},"slope":{"confidence_interval":{"confidence_level":0.95,"lower_bound":453835.7081718475,"upper_bound":531252.6758968309},"point_estimate":492280.4113275208,"standard_error":19778.111404865827},"std_dev":{"confidence_interval":{"confidence_level":0.95,"lower_bound":72391.00981815279,"upper_bound":128749.27037114059},"point_estimate":102305.88184168648,"standard_error":14451.47606624148}}