{"mean":{"confidence_interval":{"confidence_level":0.95,"lower_bound":965112037.0425,"upper_bound":1094863388.6425},"point_estimate":1031658534.4,"standard_error":33254313.02956122},"median":{"confidence_interval":{"confidence_level":0.95,"lower_bound":895405158.0,"upper_bound":1123447432.5},"point_estimate":1074593223.5,"standard_error":62246002.29807909},"median_abs_dev":{"confidence_interval":{"confidence_level":0.95,"lower_bound":7452314.713194966,"upper_bound":180415830.95077872},"point_estimate":117975415.48091769,"standard_error":45998617.691158086},"slope":null,"std_dev":{"confidence_interval":{"confidence_level":0.95,"lower_bound":68860207.13114636,"upper_bound":127328917.132545},"point_estimate":110861933.74758364,"standard_error":15202780.18738804}}