{"mean":{"confidence_interval":{"confidence_level":0.95,"lower_bound":1100200562.0,"upper_bound":1244802613.8},"point_estimate":1173761383.3,"standard_error":37050504.94859769},"median":{"confidence_interval":{"confidence_level":0.95,"lower_bound":1076408250.0,"upper_bound":1262870463.5},"point_estimate":1196441168.0,"standard_error":50131720.35000336},"median_abs_dev":{"confidence_interval":{"confidence_level":0.95,"lower_bound":29283968.493005633,"upper_bound":202909284.7416401},"point_estimate":138353150.18354058,"standard_error":46104955.05220314},"slope":null,"std_dev":{"confidence_interval":{"confidence_level":0.95,"lower_bound":67580478.18537697,"upper_bound":157883026.5937997},"point_estimate":123291750.3091634,"standard_error":23270303.77333845}}