{"mean":{"confidence_interval":{"confidence_level":0.95,"lower_bound":203374.74744090723,"upper_bound":204316.83497378678},"point_estimate":203822.68879043963,"standard_error":241.09885077870297},"median":{"confidence_interval":{"confidence_level":0.95,"lower_bound":202524.65714285715,"upper_bound":202958.80384615384},"point_estimate":202757.45529411762,"standard_error":131.57949292926205},"median_abs_dev":{"confidence_interval":{"confidence_level":0.95,"lower_bound":576.7131111311696,"upper_bound":1279.7872667663607},"point_estimate":885.2312283427913,"standard_error":191.90555554970697},"slope":{"confidence_interval":{"confidence_level":0.95,"lower_bound":204570.72308641262,"upper_bound":206113.85931551075},"point_estimate":205377.58843564356,"standard_error":392.3283554069154},"std_dev":{"confidence_interval":{"confidence_level":0.95,"lower_bound":1883.0675233729573,"upper_bound":2918.6659383801775},"point_estimate":2428.197648398083,"standard_error":264.38225714611656}}