{"mean":{"confidence_interval":{"confidence_level":0.95,"lower_bound":14447070.255,"upper_bound":21297872.8},"point_estimate":17842794.3,"standard_error":1758573.6943450028},"median":{"confidence_interval":{"confidence_level":0.95,"lower_bound":12628787.5,"upper_bound":21872566.5},"point_estimate":16928095.0,"standard_error":3736243.1305502835},"median_abs_dev":{"confidence_interval":{"confidence_level":0.95,"lower_bound":139617.18082129955,"upper_bound":11146354.877212644},"point_estimate":6552092.611277103,"standard_error":3588439.487452185},"slope":null,"std_dev":{"confidence_interval":{"confidence_level":0.95,"lower_bound":3751404.0848437315,"upper_bound":7349292.636093675},"point_estimate":5873248.187543151,"standard_error":974931.6472302723}}