{"mean":{"confidence_interval":{"confidence_level":0.95,"lower_bound":21628443.085,"upper_bound":26832962.8},"point_estimate":24419471.7,"standard_error":1329658.577748252},"median":{"confidence_interval":{"confidence_level":0.95,"lower_bound":22721490.5,"upper_bound":26531452.0},"point_estimate":25158707.0,"standard_error":1070241.5260848145},"median_abs_dev":{"confidence_interval":{"confidence_level":0.95,"lower_bound":690728.5017371178,"upper_bound":6384492.097252607},"point_estimate":2628872.8846281767,"standard_error":1398032.6241663394},"slope":null,"std_dev":{"confidence_interval":{"confidence_level":0.95,"lower_bound":1488465.661507327,"upper_bound":6296147.362513788},"point_estimate":4420290.802571982,"standard_error":1293562.648454251}}