{"mean":{"confidence_interval":{"confidence_level":0.95,"lower_bound":13333249.1,"upper_bound":14170423.4},"point_estimate":13667348.6,"standard_error":225161.43141917168},"median":{"confidence_interval":{"confidence_level":0.95,"lower_bound":13275710.0,"upper_bound":13774054.0},"point_estimate":13464417.0,"standard_error":121532.07078391835},"median_abs_dev":{"confidence_interval":{"confidence_level":0.95,"lower_bound":65089.84534442425,"upper_bound":569297.6334929466},"point_estimate":299554.87688183784,"standard_error":149971.65484678163},"slope":null,"std_dev":{"confidence_interval":{"confidence_level":0.95,"lower_bound":158860.45706534915,"upper_bound":1132902.970875951},"point_estimate":748751.5149552769,"standard_error":318846.18576484756}}