{"mean":{"confidence_interval":{"confidence_level":0.95,"lower_bound":13391456.405,"upper_bound":14156344.959999999},"point_estimate":13713448.1,"standard_error":201783.7695365644},"median":{"confidence_interval":{"confidence_level":0.95,"lower_bound":13295653.5,"upper_bound":13866207.0},"point_estimate":13501098.5,"standard_error":156167.47311168446},"median_abs_dev":{"confidence_interval":{"confidence_level":0.95,"lower_bound":76636.3339394331,"upper_bound":717814.1206562519},"point_estimate":350884.7118705511,"standard_error":174374.15426274162},"slope":null,"std_dev":{"confidence_interval":{"confidence_level":0.95,"lower_bound":159790.0099564093,"upper_bound":983159.9517522284},"point_estimate":672674.21627122,"standard_error":245051.97183844013}}