{"mean":{"confidence_interval":{"confidence_level":0.95,"lower_bound":267957.59520313825,"upper_bound":274267.9137599836},"point_estimate":271067.0752404938,"standard_error":1610.5015564611188},"median":{"confidence_interval":{"confidence_level":0.95,"lower_bound":264614.6855670103,"upper_bound":274841.7586206897},"point_estimate":270146.1617486339,"standard_error":2681.8409799798274},"median_abs_dev":{"confidence_interval":{"confidence_level":0.95,"lower_bound":12023.535281094717,"upper_bound":18317.723988618938},"point_estimate":14851.654331284646,"standard_error":1578.4466171225106},"slope":{"confidence_interval":{"confidence_level":0.95,"lower_bound":269578.98412327,"upper_bound":274598.1980980797},"point_estimate":271972.67303088517,"standard_error":1275.3370014906295},"std_dev":{"confidence_interval":{"confidence_level":0.95,"lower_bound":13653.06291460939,"upper_bound":18490.323397632645},"point_estimate":16192.456526841497,"standard_error":1235.7438567168495}}