{"mean":{"confidence_interval":{"confidence_level":0.95,"lower_bound":14143986.135,"upper_bound":14299225.129999999},"point_estimate":14218971.3,"standard_error":39976.7817683242},"median":{"confidence_interval":{"confidence_level":0.95,"lower_bound":14116477.5,"upper_bound":14344510.5},"point_estimate":14184401.5,"standard_error":51742.09712252356},"median_abs_dev":{"confidence_interval":{"confidence_level":0.95,"lower_bound":10804.447308182716,"upper_bound":249377.76337265968},"point_estimate":140546.77100479603,"standard_error":57443.15624899389},"slope":null,"std_dev":{"confidence_interval":{"confidence_level":0.95,"lower_bound":70208.1534426182,"upper_bound":165783.28799445077},"point_estimate":133528.4990571509,"standard_error":24015.955299480964}}