{"mean":{"confidence_interval":{"confidence_level":0.95,"lower_bound":15660244.1,"upper_bound":16514651.959999999},"point_estimate":16050408.1,"standard_error":219599.91040605804},"median":{"confidence_interval":{"confidence_level":0.95,"lower_bound":15574341.5,"upper_bound":16469511.0},"point_estimate":15846369.5,"standard_error":222322.7261071924},"median_abs_dev":{"confidence_interval":{"confidence_level":0.95,"lower_bound":115017.8820580244,"upper_bound":1129807.1556419134},"point_estimate":512132.28500783443,"standard_error":255241.90126201228},"slope":null,"std_dev":{"confidence_interval":{"confidence_level":0.95,"lower_bound":290206.5443821578,"upper_bound":995546.4871337082},"point_estimate":732732.6435984456,"standard_error":192254.31495194606}}