{"mean":{"confidence_interval":{"confidence_level":0.95,"lower_bound":6020063.75,"upper_bound":6750190.7},"point_estimate":6308662.65,"standard_error":200108.17520567306},"median":{"confidence_interval":{"confidence_level":0.95,"lower_bound":5931386.5,"upper_bound":6316480.25},"point_estimate":6152592.25,"standard_error":149390.28476905965},"median_abs_dev":{"confidence_interval":{"confidence_level":0.95,"lower_bound":16579.91550564766,"upper_bound":539053.7059798837},"point_estimate":281386.3555043936,"standard_error":147527.9532437579},"slope":null,"std_dev":{"confidence_interval":{"confidence_level":0.95,"lower_bound":154375.5052147628,"upper_bound":1016286.0508578445},"point_estimate":667388.5300806192,"standard_error":295670.14730577864}}