{"mean":{"confidence_interval":{"confidence_level":0.95,"lower_bound":131915004.6,"upper_bound":137286641.9},"point_estimate":134567374.1,"standard_error":1378543.6022986795},"median":{"confidence_interval":{"confidence_level":0.95,"lower_bound":130424468.0,"upper_bound":138904134.0},"point_estimate":133880718.5,"standard_error":2850874.1674387385},"median_abs_dev":{"confidence_interval":{"confidence_level":0.95,"lower_bound":641547.6954102516,"upper_bound":6725762.148293853},"point_estimate":5499654.19396162,"standard_error":1906370.5686054314},"slope":null,"std_dev":{"confidence_interval":{"confidence_level":0.95,"lower_bound":3074374.0167916315,"upper_bound":5188939.504495293},"point_estimate":4588508.296912975,"standard_error":545210.1351850572}}