{"mean":{"confidence_interval":{"confidence_level":0.95,"lower_bound":121547685.5375,"upper_bound":124629036.6625},"point_estimate":123063639.1,"standard_error":788279.6847643466},"median":{"confidence_interval":{"confidence_level":0.95,"lower_bound":121037739.0,"upper_bound":125155644.5},"point_estimate":122658802.0,"standard_error":1107216.8560532057},"median_abs_dev":{"confidence_interval":{"confidence_level":0.95,"lower_bound":723096.6243624687,"upper_bound":4381508.428412676},"point_estimate":2621640.7619565725,"standard_error":952520.9812532389},"slope":null,"std_dev":{"confidence_interval":{"confidence_level":0.95,"lower_bound":1485812.1398810097,"upper_bound":3324176.758644708},"point_estimate":2623728.259902413,"standard_error":472534.5522758024}}