{"mean":{"confidence_interval":{"confidence_level":0.95,"lower_bound":188682833.8,"upper_bound":210255432.8},"point_estimate":198443113.2,"standard_error":5537507.5629977165},"median":{"confidence_interval":{"confidence_level":0.95,"lower_bound":184677697.0,"upper_bound":210445257.0},"point_estimate":193940606.0,"standard_error":6884984.1509455545},"median_abs_dev":{"confidence_interval":{"confidence_level":0.95,"lower_bound":3341601.687374711,"upper_bound":29633870.241093636},"point_estimate":15624356.842312217,"standard_error":6577615.825304923},"slope":null,"std_dev":{"confidence_interval":{"confidence_level":0.95,"lower_bound":7802138.632515968,"upper_bound":25032029.318879146},"point_estimate":18412541.003128596,"standard_error":4819376.199648797}}