{"mean":{"confidence_interval":{"confidence_level":0.95,"lower_bound":2086.695545984384,"upper_bound":2120.0757213435063},"point_estimate":2102.2938328738887,"standard_error":8.559441152824247},"median":{"confidence_interval":{"confidence_level":0.95,"lower_bound":2067.843051581187,"upper_bound":2088.120889846622},"point_estimate":2076.979369864829,"standard_error":5.3949666865077},"median_abs_dev":{"confidence_interval":{"confidence_level":0.95,"lower_bound":28.984349027285457,"upper_bound":54.079097072484124},"point_estimate":39.160381659848376,"standard_error":6.7721340284680105},"slope":{"confidence_interval":{"confidence_level":0.95,"lower_bound":2057.013770066427,"upper_bound":2070.148587499446},"point_estimate":2063.2161478724784,"standard_error":3.3569126390814277},"std_dev":{"confidence_interval":{"confidence_level":0.95,"lower_bound":56.60861870908531,"upper_bound":110.94547985063915},"point_estimate":86.11337553442311,"standard_error":13.86849121447819}}