{"mean":{"confidence_interval":{"confidence_level":0.95,"lower_bound":127533021.2,"upper_bound":141557027.56},"point_estimate":134104900.7,"standard_error":3591486.335914452},"median":{"confidence_interval":{"confidence_level":0.95,"lower_bound":124534719.5,"upper_bound":139947664.0},"point_estimate":132523951.5,"standard_error":3749964.9021476493},"median_abs_dev":{"confidence_interval":{"confidence_level":0.95,"lower_bound":525612.825268507,"upper_bound":19312085.578241944},"point_estimate":7816880.857622623,"standard_error":4658897.179697443},"slope":null,"std_dev":{"confidence_interval":{"confidence_level":0.95,"lower_bound":5362047.076020874,"upper_bound":16356461.928925691},"point_estimate":12002923.511611477,"standard_error":2998097.0781512405}}