{"mean":{"confidence_interval":{"confidence_level":0.95,"lower_bound":82751318.6,"upper_bound":90771395.6},"point_estimate":86703248.5,"standard_error":2053555.8467151998},"median":{"confidence_interval":{"confidence_level":0.95,"lower_bound":82429240.0,"upper_bound":91274560.0},"point_estimate":86199656.5,"standard_error":2214921.431913752},"median_abs_dev":{"confidence_interval":{"confidence_level":0.95,"lower_bound":1549735.0656867027,"upper_bound":11976979.288566113},"point_estimate":6314755.783590674,"standard_error":2602510.7509272587},"slope":null,"std_dev":{"confidence_interval":{"confidence_level":0.95,"lower_bound":3455452.384821488,"upper_bound":9053149.380644955},"point_estimate":6868711.443880581,"standard_error":1437258.327562618}}