{"mean":{"confidence_interval":{"confidence_level":0.95,"lower_bound":112514857.22000001,"upper_bound":132681654.58499998},"point_estimate":121678589.1,"standard_error":5188861.257902896},"median":{"confidence_interval":{"confidence_level":0.95,"lower_bound":109365694.0,"upper_bound":131839705.0},"point_estimate":116140959.5,"standard_error":6804060.757160854},"median_abs_dev":{"confidence_interval":{"confidence_level":0.95,"lower_bound":1402753.8107961416,"upper_bound":27254712.41133213},"point_estimate":11694082.16368854,"standard_error":6758861.656063734},"slope":null,"std_dev":{"confidence_interval":{"confidence_level":0.95,"lower_bound":7738138.638350256,"upper_bound":23635541.17205879},"point_estimate":17366645.41761312,"standard_error":4513749.521954555}}