{"mean":{"confidence_interval":{"confidence_level":0.95,"lower_bound":3396.837024896537,"upper_bound":3475.5781718784133},"point_estimate":3431.768385493859,"standard_error":20.26231816976536},"median":{"confidence_interval":{"confidence_level":0.95,"lower_bound":3361.293751997443,"upper_bound":3400.4279168817757},"point_estimate":3370.9876192952133,"standard_error":9.546680730148376},"median_abs_dev":{"confidence_interval":{"confidence_level":0.95,"lower_bound":48.33560774434957,"upper_bound":93.35440035117726},"point_estimate":63.285268315711306,"standard_error":10.494996283648739},"slope":{"confidence_interval":{"confidence_level":0.95,"lower_bound":3343.057580833818,"upper_bound":3456.9713945141943},"point_estimate":3382.544247329371,"standard_error":31.93510629530568},"std_dev":{"confidence_interval":{"confidence_level":0.95,"lower_bound":106.61746831921775,"upper_bound":300.7327750622149},"point_estimate":203.4824859620088,"standard_error":55.743130845964984}}