{"mean":{"confidence_interval":{"confidence_level":0.95,"lower_bound":153098440.3675,"upper_bound":164988549.4},"point_estimate":158530635.7,"standard_error":3050988.6541760117},"median":{"confidence_interval":{"confidence_level":0.95,"lower_bound":151870192.5,"upper_bound":163499460.0},"point_estimate":156338534.0,"standard_error":3337751.6723096194},"median_abs_dev":{"confidence_interval":{"confidence_level":0.95,"lower_bound":1612005.7471811771,"upper_bound":15735973.640030622},"point_estimate":7816456.834030151,"standard_error":3507519.5384812723},"slope":null,"std_dev":{"confidence_interval":{"confidence_level":0.95,"lower_bound":4356456.841258023,"upper_bound":13791851.744786512},"point_estimate":10177543.516106265,"standard_error":2589314.229814931}}