{"mean":{"confidence_interval":{"confidence_level":0.95,"lower_bound":183368679.985,"upper_bound":200490573.445},"point_estimate":191568562.9,"standard_error":4369819.391223781},"median":{"confidence_interval":{"confidence_level":0.95,"lower_bound":177995783.0,"upper_bound":198196016.5},"point_estimate":193632234.5,"standard_error":5298480.628718038},"median_abs_dev":{"confidence_interval":{"confidence_level":0.95,"lower_bound":2508988.3681565523,"upper_bound":27171085.618516803},"point_estimate":10088708.086189628,"standard_error":6325836.6537864},"slope":null,"std_dev":{"confidence_interval":{"confidence_level":0.95,"lower_bound":7511644.54707399,"upper_bound":19516138.756147772},"point_estimate":14569979.871249693,"standard_error":3328237.7442032965}}