{"mean":{"confidence_interval":{"confidence_level":0.95,"lower_bound":15901.069911912231,"upper_bound":15973.263552026077},"point_estimate":15933.650395991444,"standard_error":18.48753380390182},"median":{"confidence_interval":{"confidence_level":0.95,"lower_bound":15853.124311565696,"upper_bound":15922.298387096775},"point_estimate":15889.032085038518,"standard_error":17.804064329560262},"median_abs_dev":{"confidence_interval":{"confidence_level":0.95,"lower_bound":77.6828464956164,"upper_bound":144.2407000460174},"point_estimate":109.12321587219206,"standard_error":16.73558180474566},"slope":{"confidence_interval":{"confidence_level":0.95,"lower_bound":15876.060829696327,"upper_bound":15925.707288448883},"point_estimate":15899.677235969624,"standard_error":12.708043489213681},"std_dev":{"confidence_interval":{"confidence_level":0.95,"lower_bound":111.1345403114805,"upper_bound":268.20734093480587},"point_estimate":186.4015807438608,"standard_error":45.8869269395143}}