{"mean":{"confidence_interval":{"confidence_level":0.95,"lower_bound":201224.95831557145,"upper_bound":201869.567036727},"point_estimate":201544.00481216668,"standard_error":164.78247994823883},"median":{"confidence_interval":{"confidence_level":0.95,"lower_bound":200941.34285714285,"upper_bound":201742.67878787877},"point_estimate":201394.2709770115,"standard_error":200.05186937968836},"median_abs_dev":{"confidence_interval":{"confidence_level":0.95,"lower_bound":1048.6718773398159,"upper_bound":2004.1165355009107},"point_estimate":1466.1303676361372,"standard_error":240.79685226058072},"slope":{"confidence_interval":{"confidence_level":0.95,"lower_bound":201755.80137862766,"upper_bound":202784.28566060052},"point_estimate":202288.08717068125,"standard_error":263.14051732331524},"std_dev":{"confidence_interval":{"confidence_level":0.95,"lower_bound":1393.6665342695721,"upper_bound":1898.4911080742063},"point_estimate":1658.7448854115398,"standard_error":128.7652235424563}}