{"mean":{"confidence_interval":{"confidence_level":0.95,"lower_bound":711084153.7,"upper_bound":733958739.8675001},"point_estimate":722156144.8,"standard_error":5876570.66316401},"median":{"confidence_interval":{"confidence_level":0.95,"lower_bound":705417519.0,"upper_bound":741541403.0},"point_estimate":715785196.5,"standard_error":9697369.095943479},"median_abs_dev":{"confidence_interval":{"confidence_level":0.95,"lower_bound":3996809.3176424503,"upper_bound":31570161.374017596},"point_estimate":20638845.762187243,"standard_error":7503256.35688299},"slope":null,"std_dev":{"confidence_interval":{"confidence_level":0.95,"lower_bound":11319779.315230442,"upper_bound":23508866.03457447},"point_estimate":19630475.982768595,"standard_error":3126262.3740477273}}