{"mean":{"confidence_interval":{"confidence_level":0.95,"lower_bound":955757928.2,"upper_bound":1080841146.4},"point_estimate":1018651614.6,"standard_error":32010935.382760577},"median":{"confidence_interval":{"confidence_level":0.95,"lower_bound":921487492.5,"upper_bound":1122535736.0},"point_estimate":1024304514.0,"standard_error":70368297.38945664},"median_abs_dev":{"confidence_interval":{"confidence_level":0.95,"lower_bound":8026815.531295538,"upper_bound":158438906.09514713},"point_estimate":140720385.68561375,"standard_error":45343939.72520152},"slope":null,"std_dev":{"confidence_interval":{"confidence_level":0.95,"lower_bound":73240070.25785238,"upper_bound":119348578.51400737},"point_estimate":106649286.7873513,"standard_error":11730545.976454016}}