{"mean":{"confidence_interval":{"confidence_level":0.95,"lower_bound":682665668.0,"upper_bound":699457938.8075},"point_estimate":690854114.5,"standard_error":4309725.030741085},"median":{"confidence_interval":{"confidence_level":0.95,"lower_bound":676938767.0,"upper_bound":704750950.0},"point_estimate":688479629.0,"standard_error":7472728.983324096},"median_abs_dev":{"confidence_interval":{"confidence_level":0.95,"lower_bound":2927609.366324544,"upper_bound":23283885.658228397},"point_estimate":17420470.371624827,"standard_error":5422360.615719892},"slope":null,"std_dev":{"confidence_interval":{"confidence_level":0.95,"lower_bound":8797959.581973618,"upper_bound":17274556.903599173},"point_estimate":14305302.5677564,"standard_error":2183009.583303562}}