{"mean":{"confidence_interval":{"confidence_level":0.95,"lower_bound":1089762993.2,"upper_bound":1215589916.1575},"point_estimate":1156028566.4,"standard_error":32264881.952970866},"median":{"confidence_interval":{"confidence_level":0.95,"lower_bound":1073027977.5,"upper_bound":1238219120.0},"point_estimate":1193880980.0,"standard_error":44365090.74513414},"median_abs_dev":{"confidence_interval":{"confidence_level":0.95,"lower_bound":19954734.104132652,"upper_bound":177724706.65845573},"point_estimate":95005186.44922078,"standard_error":42367751.79008463},"slope":null,"std_dev":{"confidence_interval":{"confidence_level":0.95,"lower_bound":53421650.121203914,"upper_bound":137676716.89644757},"point_estimate":107541569.27076328,"standard_error":21784257.843715653}}