{"mean":{"confidence_interval":{"confidence_level":0.95,"lower_bound":718467250.2,"upper_bound":749446907.4475},"point_estimate":734229598.5,"standard_error":7924937.749796152},"median":{"confidence_interval":{"confidence_level":0.95,"lower_bound":716987441.0,"upper_bound":757258831.0},"point_estimate":733491485.5,"standard_error":12107446.920547044},"median_abs_dev":{"confidence_interval":{"confidence_level":0.95,"lower_bound":5414375.784775615,"upper_bound":46589962.872862816},"point_estimate":28555429.985439777,"standard_error":10279137.979382316},"slope":null,"std_dev":{"confidence_interval":{"confidence_level":0.95,"lower_bound":15488906.96834929,"upper_bound":33522925.386031404},"point_estimate":26425449.763197068,"standard_error":4767313.846417775}}