{"mean":{"confidence_interval":{"confidence_level":0.95,"lower_bound":699514962.335,"upper_bound":720310540.215},"point_estimate":709699683.7,"standard_error":5344100.610014208},"median":{"confidence_interval":{"confidence_level":0.95,"lower_bound":691890063.0,"upper_bound":721795481.0},"point_estimate":713289413.0,"standard_error":7739534.994396899},"median_abs_dev":{"confidence_interval":{"confidence_level":0.95,"lower_bound":2173182.4393182993,"upper_bound":32153554.085460305},"point_estimate":21638567.372238636,"standard_error":8042461.506184702},"slope":null,"std_dev":{"confidence_interval":{"confidence_level":0.95,"lower_bound":10313768.065791238,"upper_bound":22484926.605617177},"point_estimate":17763668.1451539,"standard_error":3186276.8854443375}}