{"mean":{"confidence_interval":{"confidence_level":0.95,"lower_bound":16363247.227500001,"upper_bound":16506024.3775},"point_estimate":16435980.0,"standard_error":36606.34530980048},"median":{"confidence_interval":{"confidence_level":0.95,"lower_bound":16337337.0,"upper_bound":16535598.0},"point_estimate":16459731.0,"standard_error":67728.03874512698},"median_abs_dev":{"confidence_interval":{"confidence_level":0.95,"lower_bound":10609.485411643982,"upper_bound":208744.88719403744},"point_estimate":134467.36981272697,"standard_error":53411.989436559736},"slope":null,"std_dev":{"confidence_interval":{"confidence_level":0.95,"lower_bound":76550.21953550057,"upper_bound":149578.9176501451},"point_estimate":122158.28668575865,"standard_error":18986.263352032223}}