{"mean":{"confidence_interval":{"confidence_level":0.95,"lower_bound":16833602.8,"upper_bound":17044213.8675},"point_estimate":16929647.8,"standard_error":54125.70741612376},"median":{"confidence_interval":{"confidence_level":0.95,"lower_bound":16812071.5,"upper_bound":17022033.5},"point_estimate":16872189.5,"standard_error":51289.07774734662},"median_abs_dev":{"confidence_interval":{"confidence_level":0.95,"lower_bound":19416.87055528164,"upper_bound":273722.0549404621},"point_estimate":114301.04497075081,"standard_error":66676.07537984263},"slope":null,"std_dev":{"confidence_interval":{"confidence_level":0.95,"lower_bound":67681.8491110402,"upper_bound":244639.2677529736},"point_estimate":180816.8820662987,"standard_error":47740.351560553216}}