{"mean":{"confidence_interval":{"confidence_level":0.95,"lower_bound":1650885.85,"upper_bound":1719294.3},"point_estimate":1685979.55,"standard_error":17495.96160344417},"median":{"confidence_interval":{"confidence_level":0.95,"lower_bound":1644994.0,"upper_bound":1734188.75},"point_estimate":1688223.0,"standard_error":25416.98071965506},"median_abs_dev":{"confidence_interval":{"confidence_level":0.95,"lower_bound":13446.069811284542,"upper_bound":98235.59165596962},"point_estimate":53584.12824869156,"standard_error":21707.356257410025},"slope":null,"std_dev":{"confidence_interval":{"confidence_level":0.95,"lower_bound":32719.593829190824,"upper_bound":74303.28428508257},"point_estimate":58385.38979033577,"standard_error":10821.531714272222}}