{"mean":{"confidence_interval":{"confidence_level":0.95,"lower_bound":15117916.245,"upper_bound":16606661.0},"point_estimate":15751373.6,"standard_error":388149.00993160694},"median":{"confidence_interval":{"confidence_level":0.95,"lower_bound":14884428.0,"upper_bound":16126816.5},"point_estimate":15345549.0,"standard_error":333253.4954598201},"median_abs_dev":{"confidence_interval":{"confidence_level":0.95,"lower_bound":93688.45753669739,"upper_bound":1484226.3858497143},"point_estimate":723820.1331496239,"standard_error":386829.86292734434},"slope":null,"std_dev":{"confidence_interval":{"confidence_level":0.95,"lower_bound":305250.4767003467,"upper_bound":1863526.6882397293},"point_estimate":1295886.9347261915,"standard_error":441750.47487452725}}