{"mean":{"confidence_interval":{"confidence_level":0.95,"lower_bound":2790358182.465,"upper_bound":2836051219.4},"point_estimate":2813310072.0,"standard_error":11729022.316645348},"median":{"confidence_interval":{"confidence_level":0.95,"lower_bound":2779351478.0,"upper_bound":2845040094.5},"point_estimate":2813506350.5,"standard_error":18128811.010545067},"median_abs_dev":{"confidence_interval":{"confidence_level":0.95,"lower_bound":10282110.287556052,"upper_bound":63042657.95736909},"point_estimate":46443960.87525487,"standard_error":14586864.566022929},"slope":null,"std_dev":{"confidence_interval":{"confidence_level":0.95,"lower_bound":23643348.765334547,"upper_bound":48766001.840757854},"point_estimate":39266967.66943984,"standard_error":6456428.745843371}}