{"mean":{"confidence_interval":{"confidence_level":0.95,"lower_bound":4371262616.297501,"upper_bound":4490913715.0},"point_estimate":4430428865.5,"standard_error":30746114.88914604},"median":{"confidence_interval":{"confidence_level":0.95,"lower_bound":4348087506.5,"upper_bound":4532680565.0},"point_estimate":4413445446.0,"standard_error":52004099.04187982},"median_abs_dev":{"confidence_interval":{"confidence_level":0.95,"lower_bound":19233259.444141388,"upper_bound":176517924.3947804},"point_estimate":122593030.92033863,"standard_error":38944479.829462565},"slope":null,"std_dev":{"confidence_interval":{"confidence_level":0.95,"lower_bound":64515882.10250839,"upper_bound":122921978.63106778},"point_estimate":102509781.01019137,"standard_error":14887551.798567}}