{"mean":{"confidence_interval":{"confidence_level":0.95,"lower_bound":3979578021.3,"upper_bound":4363337303.1},"point_estimate":4171449988.5,"standard_error":97464184.53982964},"median":{"confidence_interval":{"confidence_level":0.95,"lower_bound":3964358037.0,"upper_bound":4423983234.0},"point_estimate":4179154219.5,"standard_error":128919427.4443776},"median_abs_dev":{"confidence_interval":{"confidence_level":0.95,"lower_bound":71544265.75203538,"upper_bound":554809933.4181547},"point_estimate":306859441.6120559,"standard_error":125705006.50636698},"slope":null,"std_dev":{"confidence_interval":{"confidence_level":0.95,"lower_bound":176080441.0109621,"upper_bound":419566640.4246297},"point_estimate":324570250.4426003,"standard_error":63164115.07221767}}