{"mean":{"confidence_interval":{"confidence_level":0.95,"lower_bound":3271229.9,"upper_bound":3958906.1824999996},"point_estimate":3562495.7,"standard_error":180119.16938397547},"median":{"confidence_interval":{"confidence_level":0.95,"lower_bound":3186259.0,"upper_bound":3732742.5},"point_estimate":3377933.5,"standard_error":121155.32190558956},"median_abs_dev":{"confidence_interval":{"confidence_level":0.95,"lower_bound":36927.11754441261,"upper_bound":636012.4084085226},"point_estimate":318556.6194444895,"standard_error":170617.184473929},"slope":null,"std_dev":{"confidence_interval":{"confidence_level":0.95,"lower_bound":174383.59893669342,"upper_bound":883468.5207934375},"point_estimate":601537.2932528881,"standard_error":218631.54603228378}}