{"mean":{"confidence_interval":{"confidence_level":0.95,"lower_bound":2548624.505,"upper_bound":2783197.0},"point_estimate":2641701.4,"standard_error":63534.860627445814},"median":{"confidence_interval":{"confidence_level":0.95,"lower_bound":2525605.0,"upper_bound":2665024.0},"point_estimate":2570514.0,"standard_error":37716.64420000144},"median_abs_dev":{"confidence_interval":{"confidence_level":0.95,"lower_bound":20565.144234895706,"upper_bound":164683.49857628345},"point_estimate":67035.01650989056,"standard_error":41539.1418592799},"slope":null,"std_dev":{"confidence_interval":{"confidence_level":0.95,"lower_bound":38753.685284811116,"upper_bound":319181.98925503297},"point_estimate":211373.45600366508,"standard_error":89904.93288458897}}