{"mean":{"confidence_interval":{"confidence_level":0.95,"lower_bound":2615402.5,"upper_bound":2744843.9},"point_estimate":2679481.6,"standard_error":33081.9880205835},"median":{"confidence_interval":{"confidence_level":0.95,"lower_bound":2583532.0,"upper_bound":2769075.0},"point_estimate":2676115.5,"standard_error":57583.47621897712},"median_abs_dev":{"confidence_interval":{"confidence_level":0.95,"lower_bound":8146.1455553770065,"upper_bound":179271.54101729393},"point_estimate":133209.3837350607,"standard_error":42058.19951320873},"slope":null,"std_dev":{"confidence_interval":{"confidence_level":0.95,"lower_bound":69029.78361307943,"upper_bound":133929.00856716913},"point_estimate":109849.98911363928,"standard_error":16775.02983479852}}