{"mean":{"confidence_interval":{"confidence_level":0.95,"lower_bound":2232.4931584632636,"upper_bound":2291.8950476647587},"point_estimate":2256.6988084999816,"standard_error":15.509230212442265},"median":{"confidence_interval":{"confidence_level":0.95,"lower_bound":2208.3565127260163,"upper_bound":2252.7952869887226},"point_estimate":2228.635979993748,"standard_error":11.611900860447784},"median_abs_dev":{"confidence_interval":{"confidence_level":0.95,"lower_bound":41.557943055694956,"upper_bound":70.82555703521476},"point_estimate":53.95094704501795,"standard_error":6.92994558899775},"slope":{"confidence_interval":{"confidence_level":0.95,"lower_bound":2211.687475658954,"upper_bound":2295.3801084446723},"point_estimate":2241.5590249178745,"standard_error":22.910091334170897},"std_dev":{"confidence_interval":{"confidence_level":0.95,"lower_bound":55.42952822516381,"upper_bound":251.58845567782188},"point_estimate":156.51410284711898,"standard_error":62.133601806122144}}