{"mean":{"confidence_interval":{"confidence_level":0.95,"lower_bound":412517.58027180424,"upper_bound":437563.4603250538},"point_estimate":424797.8231976562,"standard_error":6370.716831146784},"median":{"confidence_interval":{"confidence_level":0.95,"lower_bound":394389.6663943355,"upper_bound":418799.5946969697},"point_estimate":404459.36879432626,"standard_error":6242.391530552149},"median_abs_dev":{"confidence_interval":{"confidence_level":0.95,"lower_bound":35119.444019935254,"upper_bound":67482.21397046575},"point_estimate":51038.28901402499,"standard_error":8480.587677198317},"slope":{"confidence_interval":{"confidence_level":0.95,"lower_bound":399283.13750262646,"upper_bound":419966.97829529335},"point_estimate":408757.8875424856,"standard_error":5302.272525192461},"std_dev":{"confidence_interval":{"confidence_level":0.95,"lower_bound":54024.0950685894,"upper_bound":72276.63116210433},"point_estimate":63896.69740147197,"standard_error":4658.746288424619}}