{"mean":{"confidence_interval":{"confidence_level":0.95,"lower_bound":470624.3993925568,"upper_bound":498132.88499751023},"point_estimate":484181.67745088873,"standard_error":7028.353408238296},"median":{"confidence_interval":{"confidence_level":0.95,"lower_bound":460309.9375,"upper_bound":490292.8333333333},"point_estimate":473772.9953937267,"standard_error":8978.700567358446},"median_abs_dev":{"confidence_interval":{"confidence_level":0.95,"lower_bound":46694.56494610263,"upper_bound":84084.99311706796},"point_estimate":64734.876040987125,"standard_error":9401.844470246662},"slope":{"confidence_interval":{"confidence_level":0.95,"lower_bound":458929.1181283032,"upper_bound":480610.6017989541},"point_estimate":469562.8885680508,"standard_error":5501.585847648976},"std_dev":{"confidence_interval":{"confidence_level":0.95,"lower_bound":59298.99576777554,"upper_bound":80401.01500422948},"point_estimate":70435.18207161984,"standard_error":5366.980099495649}}