{"mean":{"confidence_interval":{"confidence_level":0.95,"lower_bound":2331621.2,"upper_bound":2858883.35125},"point_estimate":2577709.1,"standard_error":135483.64478314464},"median":{"confidence_interval":{"confidence_level":0.95,"lower_bound":2214228.75,"upper_bound":2891365.5},"point_estimate":2447355.75,"standard_error":187363.35896009582},"median_abs_dev":{"confidence_interval":{"confidence_level":0.95,"lower_bound":102433.57348144054,"upper_bound":769178.0554443598},"point_estimate":420649.56558197737,"standard_error":165358.402140523},"slope":null,"std_dev":{"confidence_interval":{"confidence_level":0.95,"lower_bound":223251.69769726525,"upper_bound":591819.207758029},"point_estimate":452546.26401082525,"standard_error":100156.05153435825}}