{"mean":{"confidence_interval":{"confidence_level":0.95,"lower_bound":1674682.71125,"upper_bound":1781095.0},"point_estimate":1724935.85,"standard_error":27343.316606270044},"median":{"confidence_interval":{"confidence_level":0.95,"lower_bound":1654943.5,"upper_bound":1801027.0},"point_estimate":1694155.25,"standard_error":39624.40492934872},"median_abs_dev":{"confidence_interval":{"confidence_level":0.95,"lower_bound":8766.242994368076,"upper_bound":148723.68050962687},"point_estimate":61892.98915117979,"standard_error":35834.39008593471},"slope":null,"std_dev":{"confidence_interval":{"confidence_level":0.95,"lower_bound":40211.47265692209,"upper_bound":110980.39301351884},"point_estimate":91299.76543022381,"standard_error":16962.45621230461}}