{"mean":{"confidence_interval":{"confidence_level":0.95,"lower_bound":2394.6902527813995,"upper_bound":2418.344235882949},"point_estimate":2405.244354143126,"standard_error":6.1294937373275555},"median":{"confidence_interval":{"confidence_level":0.95,"lower_bound":2393.628639178618,"upper_bound":2413.4755710560626},"point_estimate":2399.412816166884,"standard_error":4.318266735841958},"median_abs_dev":{"confidence_interval":{"confidence_level":0.95,"lower_bound":1.0632000828193393,"upper_bound":28.556622428807014},"point_estimate":8.253867944729183,"standard_error":7.819190876095842},"slope":{"confidence_interval":{"confidence_level":0.95,"lower_bound":2394.2635935365847,"upper_bound":2430.720996781385},"point_estimate":2409.716636854671,"standard_error":10.125695589487174},"std_dev":{"confidence_interval":{"confidence_level":0.95,"lower_bound":6.356508738054606,"upper_bound":28.364704219536822},"point_estimate":20.42330826116426,"standard_error":6.115252961044328}}