{"mean":{"confidence_interval":{"confidence_level":0.95,"lower_bound":2674534.0,"upper_bound":2757439.3},"point_estimate":2716548.6,"standard_error":21274.90789146326},"median":{"confidence_interval":{"confidence_level":0.95,"lower_bound":2651141.0,"upper_bound":2772391.5},"point_estimate":2715291.0,"standard_error":31773.162639086248},"median_abs_dev":{"confidence_interval":{"confidence_level":0.95,"lower_bound":10562.042212486267,"upper_bound":118361.88629865646},"point_estimate":79376.17869079113,"standard_error":29425.751972575246},"slope":null,"std_dev":{"confidence_interval":{"confidence_level":0.95,"lower_bound":40182.396129055414,"upper_bound":87895.7745220426},"point_estimate":70651.53950386832,"standard_error":12042.742515481998}}