{"mean":{"confidence_interval":{"confidence_level":0.95,"lower_bound":241.716006016526,"upper_bound":242.50958089888852},"point_estimate":242.07972126636753,"standard_error":0.20335749945093706},"median":{"confidence_interval":{"confidence_level":0.95,"lower_bound":241.52351976236395,"upper_bound":241.67616609189398},"point_estimate":241.60297826288945,"standard_error":0.03910914901884807},"median_abs_dev":{"confidence_interval":{"confidence_level":0.95,"lower_bound":0.2916731123961217,"upper_bound":0.7432066273705202},"point_estimate":0.4625781554247949,"standard_error":0.10779632286598506},"slope":{"confidence_interval":{"confidence_level":0.95,"lower_bound":241.84211712242484,"upper_bound":242.83879459281812},"point_estimate":242.29363202961486,"standard_error":0.2558835902760924},"std_dev":{"confidence_interval":{"confidence_level":0.95,"lower_bound":1.1518278570664757,"upper_bound":2.8370737873712146},"point_estimate":2.0525564155276936,"standard_error":0.4322068061098624}}